scope,item,reason
AR,Chacarita,ни одной цены в 2026 Q2: объявлений меньше порога института
AR,Versalles,ни одной цены в 2026 Q2: объявлений меньше порога института
AR,Villa Real,ни одной цены в 2026 Q2: объявлений меньше порога института
AR,Villa Riachuelo,ни одной цены в 2026 Q2: объявлений меньше порога института
AR,Villa Soldati,ни одной цены в 2026 Q2: объявлений меньше порога института
контуры,PE,«Magdalena» в ценах = «Magdalena del Mar» в контурах
контуры,PE,«Surco» в ценах = «Santiago de Surco» в контурах
контуры,PE,"geoBoundaries не подошёл: у Перу там только провинции (ADM2), районов (ADM3) нет; взяты районы IGN из набора HDX cod-ab-per, CC BY 3.0 IGO, упрощены"
контуры,PE,18 соседних районов без цены рисуются фоном: BCRP публикует только 12 районов
контуры,AR,«Boca» в ценах = «La Boca» в контурах
контуры,AR,«La Paternal» в ценах = «Paternal» в контурах
контуры,AR,«Montserrat» в ценах = «Monserrat» в контурах
контуры,AR,"barrios с портала Buenos Aires Data, CC-BY-2.5-AR (поле «Licencia» набора), упрощены"
ставка,PE,"ряд BCRP PN07857NM взят у SBS, а у SBS открытой лицензии нет («Todos los derechos reservados»); покупка считается только по ставке, введённой читателем"
ставка,AR,"своей ставки ипотеки у слоя нет; покупка считается только по ставке, введённой читателем"
регион,BR,"данные открыты и бесплатны, но текст лицензии IBGE подтвердить не удалось"
регион,CL,цены за м² в открытом доступе нет: кадастр SII массово не выгружается
регион,UY,"лицензия лучшая в регионе, но цен жилья и аренды нет ни на одном портале"
регион,CO,"цена за м² по кварталам Боготы есть, но поле лицензии набора пустое"
регион,MX,"условия сайта gob.mx ограничивают личным некоммерческим использованием, хотя наборы помечены CC-BY-4.0 — противоречие не разрешено"
