city,country,district,period,usd_m2,price_to_rent_years,rent_usd_m2_month
Lima,PE,Barranco,T4.25,2462.69,15.3,13.41
Lima,PE,Jesús María,T4.25,2086.18,16.65,10.44
Lima,PE,La Molina,T4.25,1392.05,15.4,7.53
Lima,PE,Lince,T4.25,1969.7,14.97,10.97
Lima,PE,Magdalena,T4.25,1880.0,16.23,9.65
Lima,PE,Miraflores,T4.25,2400.0,17.5,11.43
Lima,PE,Pueblo Libre,T4.25,1716.79,14.87,9.62
Lima,PE,San Borja,T4.25,2000.0,18.13,9.19
Lima,PE,San Isidro,T4.25,2460.94,15.95,12.86
Lima,PE,San Miguel,T4.25,1696.7,16.89,8.37
Lima,PE,Surco,T4.25,1872.65,19.82,7.87
Lima,PE,Surquillo,T4.25,1848.58,14.41,10.69
