city,country,district,period,usd_m2
Buenos Aires,AR,Agronomía,2026 Q2,2105.54
Buenos Aires,AR,Almagro,2026 Q2,2116.86
Buenos Aires,AR,Balvanera,2026 Q2,1695.7
Buenos Aires,AR,Barracas,2026 Q2,1969.13
Buenos Aires,AR,Belgrano,2026 Q2,2958.49
Buenos Aires,AR,Boca,2026 Q2,1505.66
Buenos Aires,AR,Boedo,2026 Q2,1972.43
Buenos Aires,AR,Caballito,2026 Q2,2316.67
Buenos Aires,AR,Coghlan,2026 Q2,2871.06
Buenos Aires,AR,Colegiales,2026 Q2,2778.72
Buenos Aires,AR,Constitución,2026 Q2,1528.21
Buenos Aires,AR,Flores,2026 Q2,1973.67
Buenos Aires,AR,Floresta,2026 Q2,1639.19
Buenos Aires,AR,La Paternal,2026 Q2,2071.38
Buenos Aires,AR,Liniers,2026 Q2,1883.28
Buenos Aires,AR,Mataderos,2026 Q2,1808.25
Buenos Aires,AR,Monte Castro,2026 Q2,2226.23
Buenos Aires,AR,Montserrat,2026 Q2,1786.68
Buenos Aires,AR,Nueva Pompeya,2026 Q2,1456.57
Buenos Aires,AR,Núñez,2026 Q2,3266.45
Buenos Aires,AR,Palermo,2026 Q2,3118.04
Buenos Aires,AR,Parque Avellaneda,2026 Q2,1727.54
Buenos Aires,AR,Parque Chacabuco,2026 Q2,2292.86
Buenos Aires,AR,Parque Chas,2026 Q2,2603.75
Buenos Aires,AR,Parque Patricios,2026 Q2,1713.13
Buenos Aires,AR,Puerto Madero,2026 Q2,5805.45
Buenos Aires,AR,Recoleta,2026 Q2,2679.57
Buenos Aires,AR,Retiro,2026 Q2,2259.49
Buenos Aires,AR,Saavedra,2026 Q2,2888.23
Buenos Aires,AR,San Cristóbal,2026 Q2,1803.34
Buenos Aires,AR,San Nicolás,2026 Q2,1777.31
Buenos Aires,AR,San Telmo,2026 Q2,1854.41
Buenos Aires,AR,Vélez Sarsfield,2026 Q2,1800.19
Buenos Aires,AR,Villa Crespo,2026 Q2,2413.47
Buenos Aires,AR,Villa del Parque,2026 Q2,2310.19
Buenos Aires,AR,Villa Devoto,2026 Q2,2351.74
Buenos Aires,AR,Villa Gral. Mitre,2026 Q2,2010.66
Buenos Aires,AR,Villa Lugano,2026 Q2,1437.4
Buenos Aires,AR,Villa Luro,2026 Q2,2134.97
Buenos Aires,AR,Villa Ortúzar,2026 Q2,2826.14
Buenos Aires,AR,Villa Pueyrredón,2026 Q2,2594.01
Buenos Aires,AR,Villa Santa Rita,2026 Q2,2164.15
Buenos Aires,AR,Villa Urquiza,2026 Q2,2775.05
