fips,name,reason
35011,"De Baca County, NM",ACS не публикует медианный доход домохозяйства
48261,"Kenedy County, TX","ACS не публикует ни стоимости жилья, ни аренды"
48301,"Loving County, TX","ACS не публикует ни стоимости жилья, ни аренды"
72001,"Adjuntas Municipio, PR","Пуэрто-Рико: отдельное обследование PRCS, в итоги США не входит"
72003,"Aguada Municipio, PR","Пуэрто-Рико: отдельное обследование PRCS, в итоги США не входит"
72005,"Aguadilla Municipio, PR","Пуэрто-Рико: отдельное обследование PRCS, в итоги США не входит"
72007,"Aguas Buenas Municipio, PR","Пуэрто-Рико: отдельное обследование PRCS, в итоги США не входит"
72009,"Aibonito Municipio, PR","Пуэрто-Рико: отдельное обследование PRCS, в итоги США не входит"
72011,"Añasco Municipio, PR","Пуэрто-Рико: отдельное обследование PRCS, в итоги США не входит"
72013,"Arecibo Municipio, PR","Пуэрто-Рико: отдельное обследование PRCS, в итоги США не входит"
72015,"Arroyo Municipio, PR","Пуэрто-Рико: отдельное обследование PRCS, в итоги США не входит"
72017,"Barceloneta Municipio, PR","Пуэрто-Рико: отдельное обследование PRCS, в итоги США не входит"
72019,"Barranquitas Municipio, PR","Пуэрто-Рико: отдельное обследование PRCS, в итоги США не входит"
72021,"Bayamón Municipio, PR","Пуэрто-Рико: отдельное обследование PRCS, в итоги США не входит"
72023,"Cabo Rojo Municipio, PR","Пуэрто-Рико: отдельное обследование PRCS, в итоги США не входит"
72025,"Caguas Municipio, PR","Пуэрто-Рико: отдельное обследование PRCS, в итоги США не входит"
72027,"Camuy Municipio, PR","Пуэрто-Рико: отдельное обследование PRCS, в итоги США не входит"
72029,"Canóvanas Municipio, PR","Пуэрто-Рико: отдельное обследование PRCS, в итоги США не входит"
72031,"Carolina Municipio, PR","Пуэрто-Рико: отдельное обследование PRCS, в итоги США не входит"
72033,"Cataño Municipio, PR","Пуэрто-Рико: отдельное обследование PRCS, в итоги США не входит"
72035,"Cayey Municipio, PR","Пуэрто-Рико: отдельное обследование PRCS, в итоги США не входит"
72037,"Ceiba Municipio, PR","Пуэрто-Рико: отдельное обследование PRCS, в итоги США не входит"
72039,"Ciales Municipio, PR","Пуэрто-Рико: отдельное обследование PRCS, в итоги США не входит"
72041,"Cidra Municipio, PR","Пуэрто-Рико: отдельное обследование PRCS, в итоги США не входит"
72043,"Coamo Municipio, PR","Пуэрто-Рико: отдельное обследование PRCS, в итоги США не входит"
72045,"Comerío Municipio, PR","Пуэрто-Рико: отдельное обследование PRCS, в итоги США не входит"
72047,"Corozal Municipio, PR","Пуэрто-Рико: отдельное обследование PRCS, в итоги США не входит"
72049,"Culebra Municipio, PR","Пуэрто-Рико: отдельное обследование PRCS, в итоги США не входит"
72051,"Dorado Municipio, PR","Пуэрто-Рико: отдельное обследование PRCS, в итоги США не входит"
72053,"Fajardo Municipio, PR","Пуэрто-Рико: отдельное обследование PRCS, в итоги США не входит"
72054,"Florida Municipio, PR","Пуэрто-Рико: отдельное обследование PRCS, в итоги США не входит"
72055,"Guánica Municipio, PR","Пуэрто-Рико: отдельное обследование PRCS, в итоги США не входит"
72057,"Guayama Municipio, PR","Пуэрто-Рико: отдельное обследование PRCS, в итоги США не входит"
72059,"Guayanilla Municipio, PR","Пуэрто-Рико: отдельное обследование PRCS, в итоги США не входит"
72061,"Guaynabo Municipio, PR","Пуэрто-Рико: отдельное обследование PRCS, в итоги США не входит"
72063,"Gurabo Municipio, PR","Пуэрто-Рико: отдельное обследование PRCS, в итоги США не входит"
72065,"Hatillo Municipio, PR","Пуэрто-Рико: отдельное обследование PRCS, в итоги США не входит"
72067,"Hormigueros Municipio, PR","Пуэрто-Рико: отдельное обследование PRCS, в итоги США не входит"
72069,"Humacao Municipio, PR","Пуэрто-Рико: отдельное обследование PRCS, в итоги США не входит"
72071,"Isabela Municipio, PR","Пуэрто-Рико: отдельное обследование PRCS, в итоги США не входит"
72073,"Jayuya Municipio, PR","Пуэрто-Рико: отдельное обследование PRCS, в итоги США не входит"
72075,"Juana Díaz Municipio, PR","Пуэрто-Рико: отдельное обследование PRCS, в итоги США не входит"
72077,"Juncos Municipio, PR","Пуэрто-Рико: отдельное обследование PRCS, в итоги США не входит"
72079,"Lajas Municipio, PR","Пуэрто-Рико: отдельное обследование PRCS, в итоги США не входит"
72081,"Lares Municipio, PR","Пуэрто-Рико: отдельное обследование PRCS, в итоги США не входит"
72083,"Las Marías Municipio, PR","Пуэрто-Рико: отдельное обследование PRCS, в итоги США не входит"
72085,"Las Piedras Municipio, PR","Пуэрто-Рико: отдельное обследование PRCS, в итоги США не входит"
72087,"Loíza Municipio, PR","Пуэрто-Рико: отдельное обследование PRCS, в итоги США не входит"
72089,"Luquillo Municipio, PR","Пуэрто-Рико: отдельное обследование PRCS, в итоги США не входит"
72091,"Manatí Municipio, PR","Пуэрто-Рико: отдельное обследование PRCS, в итоги США не входит"
72093,"Maricao Municipio, PR","Пуэрто-Рико: отдельное обследование PRCS, в итоги США не входит"
72095,"Maunabo Municipio, PR","Пуэрто-Рико: отдельное обследование PRCS, в итоги США не входит"
72097,"Mayagüez Municipio, PR","Пуэрто-Рико: отдельное обследование PRCS, в итоги США не входит"
72099,"Moca Municipio, PR","Пуэрто-Рико: отдельное обследование PRCS, в итоги США не входит"
72101,"Morovis Municipio, PR","Пуэрто-Рико: отдельное обследование PRCS, в итоги США не входит"
72103,"Naguabo Municipio, PR","Пуэрто-Рико: отдельное обследование PRCS, в итоги США не входит"
72105,"Naranjito Municipio, PR","Пуэрто-Рико: отдельное обследование PRCS, в итоги США не входит"
72107,"Orocovis Municipio, PR","Пуэрто-Рико: отдельное обследование PRCS, в итоги США не входит"
72109,"Patillas Municipio, PR","Пуэрто-Рико: отдельное обследование PRCS, в итоги США не входит"
72111,"Peñuelas Municipio, PR","Пуэрто-Рико: отдельное обследование PRCS, в итоги США не входит"
72113,"Ponce Municipio, PR","Пуэрто-Рико: отдельное обследование PRCS, в итоги США не входит"
72115,"Quebradillas Municipio, PR","Пуэрто-Рико: отдельное обследование PRCS, в итоги США не входит"
72117,"Rincón Municipio, PR","Пуэрто-Рико: отдельное обследование PRCS, в итоги США не входит"
72119,"Río Grande Municipio, PR","Пуэрто-Рико: отдельное обследование PRCS, в итоги США не входит"
72121,"Sabana Grande Municipio, PR","Пуэрто-Рико: отдельное обследование PRCS, в итоги США не входит"
72123,"Salinas Municipio, PR","Пуэрто-Рико: отдельное обследование PRCS, в итоги США не входит"
72125,"San Germán Municipio, PR","Пуэрто-Рико: отдельное обследование PRCS, в итоги США не входит"
72127,"San Juan Municipio, PR","Пуэрто-Рико: отдельное обследование PRCS, в итоги США не входит"
72129,"San Lorenzo Municipio, PR","Пуэрто-Рико: отдельное обследование PRCS, в итоги США не входит"
72131,"San Sebastián Municipio, PR","Пуэрто-Рико: отдельное обследование PRCS, в итоги США не входит"
72133,"Santa Isabel Municipio, PR","Пуэрто-Рико: отдельное обследование PRCS, в итоги США не входит"
72135,"Toa Alta Municipio, PR","Пуэрто-Рико: отдельное обследование PRCS, в итоги США не входит"
72137,"Toa Baja Municipio, PR","Пуэрто-Рико: отдельное обследование PRCS, в итоги США не входит"
72139,"Trujillo Alto Municipio, PR","Пуэрто-Рико: отдельное обследование PRCS, в итоги США не входит"
72141,"Utuado Municipio, PR","Пуэрто-Рико: отдельное обследование PRCS, в итоги США не входит"
72143,"Vega Alta Municipio, PR","Пуэрто-Рико: отдельное обследование PRCS, в итоги США не входит"
72145,"Vega Baja Municipio, PR","Пуэрто-Рико: отдельное обследование PRCS, в итоги США не входит"
72147,"Vieques Municipio, PR","Пуэрто-Рико: отдельное обследование PRCS, в итоги США не входит"
72149,"Villalba Municipio, PR","Пуэрто-Рико: отдельное обследование PRCS, в итоги США не входит"
72151,"Yabucoa Municipio, PR","Пуэрто-Рико: отдельное обследование PRCS, в итоги США не входит"
72153,"Yauco Municipio, PR","Пуэрто-Рико: отдельное обследование PRCS, в итоги США не входит"
